#{"t_start": 1769443831.972301, "env_id": "SpaceInvadersNoFrameskip-v4"}
r,l,t
320.0,2089,6.356241
155.0,2345,7.657422
165.0,1925,8.564908
240.0,2757,9.498441
230.0,2139,10.228855
210.0,2651,11.128092
435.0,3323,12.225549
335.0,2799,13.151567
170.0,2715,14.060971
50.0,1487,14.554523
110.0,2081,15.254215
230.0,2731,16.165161
80.0,2025,16.855994
315.0,3079,17.948437
50.0,1159,18.354542
125.0,1845,19.321611
75.0,1581,20.128617
105.0,1697,20.929807
150.0,1683,21.501474
65.0,1129,21.874546
30.0,1161,22.284872
35.0,1229,22.697578
155.0,2099,23.433402
165.0,2365,24.205139
180.0,2769,25.163614
155.0,2229,25.910851
70.0,1601,26.452407
135.0,1547,26.949866
130.0,1847,27.586677
20.0,1631,28.142072
285.0,4451,29.619287
210.0,2423,30.427283
210.0,2441,31.581438
135.0,1887,32.577815
395.0,2765,33.719331
215.0,2583,34.577019
240.0,2739,35.530411
20.0,1195,35.935683
135.0,1865,36.544273
240.0,2601,37.411355
110.0,1803,38.024383
135.0,1929,38.663991
165.0,2401,39.476099
210.0,2327,40.254912
75.0,1777,40.831355
130.0,2059,41.532328
45.0,1291,41.967857
120.0,1619,42.511386
45.0,1151,48.083146
210.0,2761,49.02279
80.0,1365,49.492448
140.0,1763,50.073827
290.0,3131,51.153735
105.0,1641,51.722323
20.0,1315,52.166083
105.0,2195,52.929048
35.0,1787,53.582065
50.0,1531,54.098547
125.0,2049,54.79842
45.0,1635,55.379033
180.0,2293,56.59015
135.0,2465,57.859404
90.0,1577,58.388893
250.0,2513,59.236403
135.0,1887,59.905778
35.0,1959,60.586179
100.0,1463,61.100045
110.0,2155,62.27275
55.0,1595,62.841368
290.0,2589,63.715722
250.0,2391,64.504754
190.0,2859,65.471259
75.0,1533,65.996275
75.0,1763,66.587047
135.0,1969,67.261878
120.0,1951,68.05594
155.0,3005,69.621731
105.0,2003,70.547364
120.0,1903,71.199648
100.0,1721,71.814772
410.0,4053,73.183346
90.0,1211,73.621924
110.0,1537,74.157351
120.0,2045,74.862798
75.0,1227,75.279468
215.0,2327,76.072257
80.0,1691,76.645256
155.0,2529,77.494688
65.0,1585,78.031495
120.0,1543,78.598089
240.0,2809,79.562395
45.0,1517,80.073177
80.0,1637,80.84409
235.0,2555,82.200459
385.0,2613,83.386156
185.0,1817,84.068396
50.0,1177,84.490682
150.0,2071,85.242158
95.0,1187,85.655529
105.0,2035,91.633678
135.0,1839,92.276384
190.0,1953,92.991719
210.0,2337,94.215667
355.0,2151,95.39271
135.0,1951,96.057024
30.0,1279,96.505796
140.0,3529,97.691035
180.0,2145,98.441874
160.0,2479,99.278239
80.0,1163,99.681955
80.0,1351,100.127633
135.0,2197,100.878137
155.0,2205,101.634842
160.0,2003,102.30263
245.0,3765,103.611089
120.0,2095,104.306491
210.0,2453,105.155438
170.0,2255,106.283082
120.0,2019,107.342027
290.0,3465,108.719624
390.0,4471,110.187869
150.0,1893,110.814663
160.0,2371,111.607686
360.0,2215,112.352285
155.0,2325,113.137074
210.0,2141,113.893444
285.0,4461,115.378909
15.0,1273,115.798356
20.0,1997,116.500638
65.0,1559,117.044587
400.0,4577,118.843168
105.0,1549,119.679864
180.0,2241,120.733633
235.0,2659,121.660066
105.0,1161,122.062977
180.0,2605,122.940986
180.0,2359,123.748454
210.0,2449,124.578039
10.0,1027,124.911835
10.0,1239,125.316603
260.0,2607,126.19474
335.0,2123,126.910353
80.0,1211,127.316206
210.0,2065,128.032806
155.0,1699,128.66354
170.0,2781,135.602608
105.0,1401,136.077112
60.0,1629,136.624649
215.0,2453,137.428993
35.0,1165,137.808274
225.0,2753,138.736862
30.0,1407,139.231667
330.0,3149,140.266989
35.0,1199,140.664031
140.0,2483,141.486129
120.0,1903,142.105325
135.0,2397,142.92693
225.0,4417,145.170918
180.0,2049,145.865432
30.0,1177,146.252045
155.0,1929,146.909318
100.0,1909,147.542642
80.0,1503,148.031244
50.0,1751,148.618522
90.0,1131,148.98633
160.0,1969,149.654069
120.0,1551,150.164631
100.0,1483,150.674556
30.0,1483,151.167139
240.0,3744,152.395945
75.0,1675,152.957788
105.0,1515,153.476033
180.0,1995,154.157043
155.0,1999,154.82074
240.0,2641,155.99511
155.0,2275,157.173984
65.0,1769,157.923757
160.0,2277,158.659024
210.0,2187,159.37117
135.0,1751,159.943846
350.0,2697,160.800104
120.0,2023,161.470618
570.0,3029,162.455577
105.0,1941,163.090567
15.0,1711,163.645221
135.0,2097,164.332587
110.0,1933,164.963531
105.0,2215,165.694288
80.0,1161,166.075565
210.0,2559,166.909118
255.0,2811,167.986429
120.0,1949,168.953331
90.0,1837,169.892245
210.0,2371,170.683271
210.0,2065,179.427108
10.0,2157,181.946562
385.0,5013,186.57926
5.0,1997,188.391216
100.0,1969,190.164164
180.0,2479,192.556174
95.0,2849,195.611282
235.0,3435,198.665134
200.0,3741,201.946768
165.0,3509,205.327099
230.0,3391,208.719418
125.0,1531,210.159148
385.0,2889,212.735256
220.0,3431,215.767817
120.0,1995,217.88739
75.0,1567,219.575358
65.0,1995,221.378518
120.0,1489,222.741198
80.0,2009,224.531335
90.0,1983,226.280455
185.0,3251,229.333597
245.0,3413,232.853132
120.0,4271,236.6493
75.0,1897,238.29994
210.0,4263,242.397165
160.0,1875,244.361989
125.0,2729,246.789747
185.0,1893,248.480658
155.0,1973,250.216865
80.0,1961,251.956518
210.0,2115,254.032756
200.0,3323,257.362051
275.0,2905,259.953839
400.0,4695,264.135328
135.0,2379,266.542289
235.0,3441,269.83995
445.0,4161,273.483604
230.0,2049,284.941597
25.0,1143,285.960639
160.0,1847,287.64133
140.0,2081,289.479353
185.0,2239,292.087329
320.0,5555,297.024069
160.0,3297,299.912976
250.0,3449,303.291871
50.0,1311,304.69229
395.0,4801,308.953984
360.0,3893,312.368971
300.0,3193,315.487073
255.0,2909,318.384564
175.0,2413,320.553351
175.0,1855,322.196311
230.0,2815,324.718932
80.0,1115,325.734317
535.0,3485,329.477683
250.0,2629,331.865291
130.0,2045,333.68662
60.0,1511,335.004883
335.0,2795,337.466884
165.0,2083,339.562554
90.0,1079,340.817449
165.0,2067,342.701922
150.0,1729,344.228422
335.0,3413,347.271295
70.0,1147,348.27989
160.0,1839,349.945017
235.0,3185,353.337124
320.0,3293,356.311573
80.0,1809,357.90509
30.0,1871,359.582071
205.0,3169,362.430449
350.0,4193,366.675096
150.0,1895,368.315906
255.0,3217,371.210635
360.0,4427,375.134292
180.0,3483,378.837922
210.0,2075,386.308442
230.0,2083,388.390976
185.0,4795,393.065922
110.0,2437,395.212155
165.0,2075,397.053355
255.0,2343,399.133687
235.0,2131,401.405409
330.0,3037,404.268651
270.0,2723,406.636613
255.0,4135,410.309301
145.0,1705,411.806074
385.0,3061,415.159674
275.0,2241,417.178914
180.0,2547,419.450325
225.0,1877,421.120849
120.0,1733,422.664783
240.0,3635,426.42259
185.0,2381,428.549559
105.0,2825,431.083617
245.0,3084,433.828968
95.0,1923,435.559319
220.0,2411,438.136592
220.0,2483,440.488435
155.0,2855,443.026026
305.0,3291,446.013834
110.0,1879,447.710319
260.0,2739,450.726045
280.0,2955,453.348464
210.0,3137,456.123312
245.0,2993,458.762781
180.0,2123,460.627397
255.0,2563,463.425239
220.0,2541,465.665277
190.0,2953,468.261279
325.0,2749,470.683137
125.0,1795,472.253439
120.0,1837,474.155675
175.0,2041,476.224202
270.0,5447,487.763753
220.0,2533,490.00847
260.0,3233,492.890377
235.0,2131,494.756629
105.0,1361,495.95213
345.0,2939,499.016713
145.0,2067,500.921816
270.0,3329,503.847424
165.0,1755,505.384109
425.0,3627,508.59336
105.0,1767,510.479775
280.0,3087,513.463523
140.0,1521,514.78414
165.0,1847,516.415877
195.0,2065,518.229126
175.0,1933,519.925743
80.0,2121,521.965021
250.0,2475,524.549762
165.0,1857,526.202839
300.0,2851,528.818388
110.0,1489,530.12474
260.0,2157,532.042559
125.0,1555,533.490351
305.0,2455,536.200057
135.0,1963,537.931647
180.0,3015,540.652028
170.0,2585,542.975137
290.0,2709,545.397622
365.0,3187,548.731558
150.0,2073,550.54784
135.0,3065,553.233854
160.0,2035,555.044741
300.0,2825,557.517771
185.0,2023,559.816771
180.0,2423,561.991251
315.0,3487,565.019211
210.0,2445,567.253891
225.0,1893,568.901026
155.0,2445,571.513856
245.0,3629,574.811159
200.0,2095,576.667273
150.0,1905,578.332033
280.0,3385,586.276954
55.0,1215,587.356701
385.0,3189,590.147088
390.0,4183,593.780793
150.0,2289,596.381316
160.0,2009,598.158525
235.0,2767,600.595464
335.0,3411,603.582319
265.0,2869,606.078794
250.0,3179,609.503774
250.0,2069,611.328107
295.0,2791,613.816841
240.0,1965,615.520525
190.0,2425,617.626758
220.0,2085,619.76334
210.0,2533,622.249339
160.0,1237,623.33359
180.0,2075,625.143597
295.0,2467,627.376987
480.0,3099,630.087563
220.0,1975,632.193964
120.0,1705,633.854765
225.0,2877,636.418931
205.0,1591,637.804048
110.0,1489,639.094309
120.0,1481,640.39203
270.0,3279,643.433872
125.0,1225,644.863747
335.0,3037,647.58601
245.0,2717,649.977163
200.0,1993,651.743485
130.0,2363,653.815417
530.0,4143,657.961999
265.0,2135,659.823796
80.0,1419,661.074903
175.0,2047,662.863585
150.0,1847,664.458609
145.0,2071,666.250104
330.0,2919,669.332971
130.0,1533,670.698707
225.0,2527,672.949488
75.0,1193,674.016492
380.0,3275,676.868337
185.0,2049,678.650485
250.0,2965,687.686013
175.0,1565,689.02907
190.0,1953,690.73667
455.0,3991,694.776256
170.0,1709,696.268228
245.0,2543,698.461726
85.0,1035,699.346611
220.0,2195,701.249871
190.0,2011,703.014003
380.0,2175,705.470133
315.0,2621,707.801276
645.0,3419,710.84614
165.0,1483,712.132367
340.0,3085,714.822488
115.0,2063,717.0284
230.0,2355,719.264794
155.0,3163,722.034984
290.0,2931,724.567557
350.0,3161,727.354124
275.0,2685,730.271905
60.0,1987,732.04217
305.0,3505,735.130839
655.0,4129,738.808888
375.0,3643,742.589716
555.0,2758,745.081038
560.0,3939,748.643754
160.0,1809,750.229846
265.0,2689,752.792618
105.0,1551,754.465128
255.0,2439,756.596945
200.0,2055,758.375891
390.0,3411,761.397813
365.0,2989,764.004838
295.0,2867,767.069216
130.0,1927,768.771767
275.0,3245,771.629351
195.0,2089,773.467409
330.0,4331,777.775162
320.0,3627,787.950115
345.0,3453,791.538946
80.0,1177,792.561636
380.0,3509,795.697272
200.0,2495,797.915692
425.0,2859,800.450708
145.0,1665,802.385695
230.0,1811,804.033305
30.0,1303,805.216388
175.0,2169,807.211345
200.0,1935,808.909598
305.0,3037,811.612529
165.0,1995,813.674911
225.0,2013,815.708873
125.0,1813,817.316048
285.0,2285,819.350966
375.0,3863,822.738708
525.0,4891,827.601827
145.0,2119,829.485295
335.0,3343,832.439869
145.0,1441,833.70595
285.0,2635,836.055601
190.0,2035,838.301648
155.0,2081,840.483217
260.0,3135,843.337934
205.0,2001,845.137796
350.0,3159,847.93693
190.0,2553,850.571775
315.0,3295,853.704337
575.0,3990,857.309386
810.0,7061,864.048317
185.0,1805,865.64015
125.0,2115,867.56337
410.0,2507,869.792886
375.0,3535,872.912353
355.0,3983,876.946363
305.0,3057,879.662396
330.0,3703,891.444367
275.0,2445,893.634763
310.0,3083,896.353322
185.0,2007,898.344398
225.0,3145,901.516034
100.0,1643,902.998613
250.0,2731,905.430762
425.0,3267,908.35414
130.0,2099,910.388908
505.0,2541,913.041785
65.0,1143,914.065723
235.0,2623,916.404354
340.0,1983,918.203885
230.0,2355,920.312565
160.0,2011,922.276731
195.0,1955,924.476008
205.0,2783,927.039833
265.0,3025,929.818481
90.0,1501,931.171821
200.0,2183,933.18487
145.0,1443,934.672862
130.0,2279,937.19724
445.0,4755,941.43469
100.0,1685,942.92581
290.0,3352,945.890953
140.0,1539,947.625838
160.0,1939,949.566203
490.0,3055,952.348971
160.0,1809,953.959681
150.0,2025,955.739519
345.0,3208,958.79178
330.0,3275,962.163741
390.0,3731,965.478017
260.0,3391,968.510464
245.0,2779,971.175091
210.0,2765,974.046462
115.0,2017,975.864798
210.0,2339,977.967714
105.0,1843,979.647223
195.0,1985,981.412501
90.0,1631,982.998639
155.0,2075,985.276792
465.0,3164,993.869002
505.0,2675,996.771652
165.0,2423,998.990741
460.0,2837,1001.576461
190.0,2071,1003.419089
210.0,2665,1005.770166
220.0,2969,1008.956141
305.0,3075,1011.734089
150.0,1391,1012.935137
145.0,2199,1014.907983
175.0,2143,1016.824228
185.0,1859,1018.61917
445.0,2387,1021.307602
80.0,1291,1022.472038
250.0,2497,1024.715633
380.0,2773,1027.194915
185.0,1803,1028.797891
120.0,1933,1030.550687
90.0,1493,1032.118576
275.0,2529,1034.729802
140.0,2105,1036.614885
410.0,2455,1038.839251
385.0,2831,1041.417584
135.0,1773,1043.029746
325.0,2973,1046.24174
440.0,3427,1049.35246
450.0,4365,1053.202399
470.0,2819,1055.842076
240.0,3053,1058.963144
250.0,2243,1060.97406
215.0,2369,1063.072889
155.0,2027,1064.902385
455.0,3841,1068.574031
335.0,2803,1071.344216
165.0,2089,1073.214837
200.0,2581,1075.524464
600.0,5077,1080.108869
45.0,1527,1081.887462
490.0,3919,1085.413198
320.0,3643,1096.335821
140.0,2057,1098.223795
135.0,1511,1099.577574
220.0,2489,1101.813104
180.0,2441,1104.008209
215.0,2481,1106.729004
270.0,2893,1109.340191
80.0,1255,1110.448797
80.0,1235,1111.529078
190.0,2025,1113.298199
560.0,4297,1117.385751
135.0,1905,1119.322169
380.0,3109,1122.126087
135.0,1923,1123.816692
530.0,2953,1126.421412
245.0,2491,1128.813814
330.0,3445,1132.36162
500.0,4575,1136.408178
200.0,1951,1138.166467
205.0,2523,1140.582647
375.0,2739,1143.544738
360.0,3463,1146.653766
555.0,5638,1151.581252
335.0,3693,1155.415106
335.0,3061,1158.129195
195.0,2371,1160.225002
125.0,2053,1162.04287
495.0,3837,1165.656486
235.0,3077,1168.798352
315.0,3167,1171.585042
110.0,2027,1173.354721
120.0,1727,1174.897707
325.0,3347,1178.204456
545.0,2765,1180.998863
145.0,1921,1182.68938
305.0,2921,1185.252234
375.0,4139,1188.893623
100.0,1519,1197.76542
185.0,1743,1199.381569
210.0,2051,1201.321905
330.0,3469,1204.893606
800.0,4503,1208.813686
280.0,2901,1211.371866
220.0,1863,1213.025964
145.0,1511,1214.750199
265.0,2179,1216.895871
340.0,3337,1219.880672
505.0,3927,1223.399656
245.0,3013,1226.310761
340.0,2967,1229.32031
435.0,3681,1232.640942
325.0,3035,1235.318789
410.0,2995,1238.094599
140.0,1905,1240.16625
380.0,3277,1243.044607
330.0,3005,1245.691544
250.0,2215,1247.664786
140.0,1863,1249.310278
345.0,2605,1252.179172
215.0,2727,1254.647714
155.0,2363,1256.770071
285.0,2601,1259.097199
290.0,2907,1261.732868
160.0,1953,1264.014559
235.0,2113,1265.952052
255.0,2415,1268.145238
255.0,2569,1270.460141
365.0,3297,1273.356326
285.0,2341,1275.946435
360.0,3353,1278.991989
205.0,3155,1281.851324
85.0,1129,1282.855278
185.0,1999,1284.605181
205.0,2317,1286.867972
300.0,2739,1289.731733
185.0,2005,1291.538724
45.0,1377,1297.925981
695.0,4245,1302.308706
405.0,3607,1305.457871
470.0,3931,1308.850297
180.0,2425,1311.218746
320.0,2461,1313.750295
165.0,2085,1315.62747
385.0,2587,1317.911151
370.0,3416,1320.98002
240.0,2035,1322.936873
205.0,2115,1325.279135
275.0,2833,1327.816753
260.0,3053,1330.518254
130.0,2073,1332.36407
245.0,2217,1334.341069
515.0,2815,1337.371554
265.0,2217,1339.327636
260.0,2577,1341.635689
355.0,3096,1344.410451
540.0,3641,1347.899508
565.0,3127,1350.980426
305.0,3178,1353.778426
305.0,3136,1356.535001
230.0,2449,1358.686135
135.0,1813,1360.770789
350.0,3027,1363.543957
410.0,3331,1366.47933
315.0,2809,1368.96419
255.0,2621,1371.461063
540.0,3209,1374.724335
385.0,2843,1377.211846
120.0,1923,1378.926539
285.0,3009,1381.653418
265.0,2685,1384.334347
100.0,1509,1385.921607
155.0,1531,1387.275554
70.0,1621,1388.696685
25.0,1259,1389.829581
515.0,2879,1392.368067
215.0,3191,1402.170033
485.0,3135,1404.931301
235.0,2425,1407.053212
125.0,1299,1408.506241
130.0,2399,1410.93147
505.0,3533,1414.068632
115.0,1843,1415.675566
270.0,2463,1417.835821
185.0,1883,1419.507363
355.0,3507,1423.242346
185.0,1687,1424.726284
205.0,2299,1426.754702
245.0,2289,1428.768028
240.0,2119,1430.665652
245.0,3273,1434.051855
600.0,4563,1438.071991
410.0,3949,1441.572164
170.0,1957,1443.328179
485.0,4429,1447.754779
235.0,2788,1450.184061
345.0,3299,1453.093706
145.0,2457,1455.255485
470.0,2625,1458.123352
290.0,2876,1460.742659
175.0,2067,1462.551527
85.0,1471,1463.878686
45.0,1051,1464.799875
430.0,2551,1467.077414
685.0,3759,1470.968814
210.0,1855,1472.607756
380.0,2199,1474.527009
200.0,2069,1476.332797
45.0,1097,1477.294871
295.0,3781,1480.775788
275.0,2375,1483.268804
370.0,3191,1486.019114
300.0,2943,1488.578016
190.0,2349,1490.64119
450.0,4037,1501.678586
350.0,3007,1504.3608
200.0,1987,1506.633692
270.0,2313,1508.705112
45.0,1103,1509.665155
230.0,2563,1511.895735
295.0,2801,1514.341875
200.0,2057,1516.162872
285.0,2849,1519.184932
145.0,1513,1520.508286
445.0,2787,1522.995642
150.0,1609,1524.395647
225.0,2611,1526.724722
350.0,3225,1529.855318
175.0,2167,1532.078823
180.0,1983,1533.796609
225.0,2461,1535.974241
150.0,1869,1537.644159
205.0,2147,1539.536676
125.0,1837,1541.228504
195.0,2165,1543.587085
250.0,2581,1545.847221
140.0,2411,1547.96246
275.0,3261,1550.840086
325.0,2853,1553.46609
290.0,2836,1556.372416
490.0,3471,1559.406415
310.0,3442,1562.495065
295.0,2603,1564.757401
480.0,4681,1569.347289
400.0,2719,1571.753151
370.0,3445,1574.719416
155.0,1921,1576.388819
280.0,3017,1579.567092
115.0,1397,1580.810862
200.0,2561,1583.114804
210.0,2023,1584.953691
45.0,1143,1585.937413
235.0,2815,1588.439358
45.0,1453,1589.915601
65.0,2065,1592.117883
215.0,1883,1593.824257
350.0,3491,1601.923216
150.0,2457,1604.461348
175.0,1825,1606.113335
350.0,2540,1608.356366
60.0,1845,1609.972391
40.0,1787,1611.519938
360.0,2405,1613.707055
275.0,2705,1616.627993
380.0,3205,1619.477152
255.0,2721,1621.884744
230.0,1925,1623.579038
560.0,3449,1626.922117
305.0,2551,1629.444413
155.0,2643,1631.758681
325.0,3395,1634.72062
205.0,2047,1636.520591
425.0,3619,1640.222625
535.0,2885,1642.760329
230.0,2191,1644.666561
325.0,3223,1647.471674
335.0,3025,1650.196157
335.0,2497,1652.897548
485.0,2813,1655.335219
630.0,4169,1658.948739
155.0,1831,1660.524251
140.0,1815,1662.158616
200.0,1691,1664.116132
125.0,1675,1665.670863
175.0,1895,1667.36194
110.0,2043,1669.175825
205.0,1945,1670.866829
235.0,2197,1672.829441
355.0,2156,1674.863385
160.0,1599,1676.641886
335.0,2323,1678.683878
160.0,1577,1680.094725
310.0,2537,1682.348015
280.0,2843,1684.876097
200.0,2037,1686.782517
415.0,2433,1689.326987
150.0,1573,1690.719041
425.0,3199,1693.526878
180.0,1897,1702.431654
425.0,3312,1705.36184
245.0,2694,1707.722406
490.0,3507,1710.865459
250.0,2441,1713.52466
285.0,2563,1715.79175
380.0,2683,1718.120992
575.0,4053,1721.606871
210.0,2875,1724.507563
245.0,2285,1726.660042
280.0,2363,1728.745852
620.0,2817,1731.224642
75.0,1329,1732.417465
690.0,4027,1736.200686
595.0,3231,1739.312123
460.0,3119,1742.070645
545.0,4403,1745.894904
165.0,1991,1747.846969
495.0,4053,1751.704431
310.0,3181,1754.487177
345.0,2305,1756.512382
200.0,2063,1758.332364
505.0,2789,1761.343591
375.0,3123,1764.138833
380.0,3291,1767.030608
350.0,2919,1769.614888
180.0,2067,1771.57796
340.0,2689,1774.413367
235.0,2551,1776.6699
525.0,4583,1780.620325
325.0,2561,1782.835225
405.0,3177,1786.137661
740.0,4063,1789.655185
290.0,2675,1791.982043
450.0,3151,1801.262979
670.0,4183,1804.892913
455.0,3251,1807.786656
250.0,2305,1810.294904
555.0,4819,1814.482112
195.0,2437,1816.599171
250.0,3103,1819.316554
290.0,2665,1822.203131
325.0,2819,1824.699422
440.0,3343,1827.74568
310.0,3067,1830.456029
765.0,3605,1834.165451
125.0,1905,1835.846911
145.0,2155,1837.756573
375.0,3323,1840.658678
380.0,2781,1843.071339
475.0,3475,1846.676472
295.0,2853,1849.179883
220.0,2745,1851.577959
185.0,2375,1853.673327
155.0,2113,1855.502614
435.0,3171,1858.801554
250.0,2887,1861.379127
325.0,2347,1863.47681
285.0,2359,1865.541224
385.0,2604,1867.834311
500.0,2411,1870.493207
160.0,2099,1872.339669
390.0,2820,1874.807089
480.0,4381,1878.568629
520.0,3635,1882.223411
105.0,1477,1883.539509
345.0,2719,1885.916177
270.0,3115,1888.666938
5.0,1491,1889.992394
450.0,2743,1892.533437
220.0,3201,1903.427147
440.0,2639,1906.187158
85.0,1787,1907.880526
410.0,3901,1911.302635
125.0,1549,1912.66687
650.0,3323,1915.546079
365.0,3773,1919.418483
345.0,2519,1921.659833
280.0,2767,1924.114401
365.0,2643,1926.4424
395.0,2874,1929.170367
380.0,3721,1932.926227
500.0,4399,1936.777554
185.0,1941,1938.484365
365.0,2630,1940.821334
295.0,2499,1943.557955
80.0,1323,1944.734292
355.0,3229,1947.628155
410.0,3603,1950.890418
190.0,2587,1953.307029
515.0,2988,1956.390247
440.0,3613,1959.52635
310.0,2827,1962.013985
505.0,2677,1964.353376
415.0,3847,1968.267199
270.0,2453,1970.420743
400.0,3089,1973.108
240.0,2387,1975.153295
660.0,3943,1979.103819
210.0,2077,1980.954238
500.0,3843,1984.342404
300.0,2083,1986.155043
610.0,2547,1988.475564
285.0,2313,1990.990182
355.0,2515,1993.308293
295.0,3227,2002.470972
235.0,1873,2004.392867
275.0,3125,2007.132189
340.0,2455,2009.271582
350.0,3328,2012.228827
475.0,3937,2016.222634
70.0,1529,2017.574583
555.0,4039,2021.062099
305.0,2463,2023.182185
365.0,3122,2026.110216
385.0,3709,2029.755674
260.0,2243,2031.743255
185.0,2227,2033.694136
315.0,2951,2036.264146
425.0,3621,2039.97568
235.0,2177,2041.901083
470.0,4413,2045.707511
350.0,3673,2048.856457
370.0,2862,2051.872614
845.0,5357,2056.5101
215.0,2129,2058.390058
160.0,2167,2060.272671
170.0,2081,2062.214539
145.0,2431,2064.774687
220.0,2361,2066.872398
545.0,4771,2071.066013
300.0,3419,2074.236868
470.0,3053,2077.346172
470.0,4265,2081.046457
195.0,2289,2083.087648
350.0,3181,2085.877905
210.0,2087,2088.501866
440.0,3647,2091.960787
465.0,3223,2094.853311
585.0,4523,2109.758205
395.0,3009,2113.002082
210.0,2581,2115.335662
685.0,4115,2119.020788
835.0,3845,2122.361028
340.0,3111,2125.649375
460.0,3691,2128.895013
800.0,4387,2132.800721
600.0,3915,2136.67305
435.0,3335,2139.793865
525.0,4095,2143.446405
345.0,3115,2146.180432
570.0,3839,2150.062901
195.0,2551,2152.320647
250.0,2891,2154.874121
225.0,2251,2156.897032
150.0,2163,2158.84017
250.0,2191,2161.354654
515.0,4475,2165.301975
180.0,2775,2167.745672
290.0,3033,2170.467158
805.0,4905,2175.394282
460.0,3347,2178.314091
325.0,2833,2180.77474
275.0,3165,2183.641193
390.0,3108,2186.973765
335.0,2199,2188.93927
605.0,4679,2193.124438
450.0,3113,2196.036353
445.0,3479,2199.619993
330.0,2435,2211.196406
920.0,5137,2215.766056
280.0,2571,2218.096586
380.0,3127,2221.232456
770.0,4637,2225.745789
615.0,3567,2228.944988
425.0,3697,2232.313918
480.0,3673,2236.148059
390.0,3479,2239.208287
200.0,2117,2241.095954
480.0,4195,2244.887874
750.0,3735,2248.648915
345.0,2522,2251.007434
400.0,2943,2253.722706
255.0,2659,2256.142483
290.0,2529,2258.949757
330.0,2817,2261.474323
380.0,3943,2264.950244
655.0,3495,2268.021619
580.0,4925,2272.855958
540.0,3845,2276.20036
385.0,3063,2278.876357
570.0,3629,2282.549624
600.0,3801,2286.268609
545.0,5233,2290.971554
470.0,3825,2294.946163
670.0,3165,2297.960392
600.0,4843,2302.474663
495.0,3819,2317.345709
480.0,3791,2321.23147
185.0,3253,2324.127559
515.0,3919,2327.53975
600.0,4187,2331.642956
500.0,4721,2335.881696
775.0,4971,2340.210133
310.0,2915,2343.043602
130.0,2095,2345.254806
335.0,3009,2347.903603
545.0,3287,2350.778219
495.0,3617,2353.93814
650.0,4729,2358.695545
775.0,3869,2362.0228
1130.0,7361,2369.000379
450.0,4189,2372.70039
700.0,4113,2376.322805
555.0,4061,2380.270727
575.0,3691,2383.605212
340.0,2913,2386.149958
470.0,4589,2390.218112
725.0,3779,2394.163173
350.0,2885,2396.721865
205.0,1727,2398.273753
180.0,2829,2400.781728
405.0,4073,2404.895903
140.0,1687,2406.448349
470.0,2487,2408.656758
475.0,2861,2421.352228
630.0,4411,2425.14841
1000.0,4515,2429.574423
750.0,4195,2433.268596
360.0,2889,2435.886707
320.0,3164,2438.729809
175.0,2271,2441.322821
610.0,3801,2444.778304
540.0,4569,2448.851907
1000.0,4779,2453.626791
420.0,2567,2455.963018
505.0,3131,2458.697843
885.0,6605,2464.82291
745.0,4777,2469.338979
585.0,4085,2472.90868
240.0,2381,2475.003544
575.0,3828,2478.864862
250.0,2897,2481.387853
600.0,3847,2484.710133
710.0,3667,2487.924119
470.0,3007,2491.168701
545.0,4567,2495.191218
285.0,3620,2498.349944
570.0,4791,2502.99843
630.0,4467,2506.902574
385.0,3813,2510.223326
435.0,4307,2523.617669
600.0,4469,2528.094027
600.0,5509,2532.873984
605.0,4561,2536.899379
345.0,3337,2540.265236
810.0,4661,2544.285865
425.0,3681,2547.467746
555.0,3747,2551.253455
175.0,1997,2553.008783
690.0,3801,2556.37802
305.0,3065,2559.069988
490.0,4341,2563.401326
195.0,3069,2566.08857
325.0,2987,2568.679537
445.0,4075,2572.207293
470.0,2585,2575.008189
330.0,2679,2577.389912
370.0,3093,2580.147972
410.0,3187,2582.950524
185.0,2567,2585.312726
760.0,4731,2589.884398
255.0,2703,2592.223746
560.0,3934,2595.651972
745.0,4357,2599.958292
525.0,3606,2603.107365
455.0,3499,2606.151858
385.0,3191,2608.959657
545.0,4847,2613.758113
525.0,3568,2625.899549
535.0,2511,2628.102509
725.0,5889,2633.239594
525.0,4556,2637.830923
420.0,3241,2640.695101
560.0,3611,2643.896646
350.0,2739,2646.500286
220.0,2553,2649.15033
775.0,3580,2652.307143
340.0,3033,2654.987808
525.0,3631,2658.259016
605.0,3807,2662.029588
465.0,3201,2664.798585
335.0,2401,2666.861676
605.0,4657,2671.261556
510.0,4209,2675.207052
465.0,3689,2678.368642
600.0,4623,2682.45991
210.0,1929,2684.592937
390.0,2901,2687.151564
475.0,2391,2689.251084
570.0,4781,2693.366842
600.0,3593,2696.982919
335.0,2803,2699.442455
645.0,4645,2703.503659
470.0,3425,2706.5349
440.0,4319,2710.815784
220.0,1879,2712.424832
575.0,2669,2714.747833
470.0,2641,2726.680208
725.0,4511,2730.5866
115.0,1893,2732.784445
775.0,4833,2737.026477
440.0,3873,2740.356145
740.0,5021,2745.237791
530.0,4617,2749.266941
800.0,4629,2753.230731
445.0,3369,2756.591455
545.0,3627,2759.942623
1010.0,7479,2766.506318
575.0,4584,2771.020666
755.0,4529,2774.879041
600.0,4011,2778.307705
575.0,4799,2783.023932
435.0,3453,2786.03832
605.0,4051,2789.552107
550.0,3917,2793.513771
415.0,2665,2795.919483
85.0,1513,2797.361979
600.0,4205,2800.983658
605.0,3879,2804.604986
555.0,4513,2808.800625
390.0,2796,2811.257801
505.0,4403,2815.056946
215.0,2027,2817.321882
575.0,3066,2828.485694
590.0,3220,2831.727734
475.0,3569,2834.895096
490.0,4303,2838.715746
345.0,2701,2841.469598
570.0,3749,2845.003983
960.0,6409,2850.733706
970.0,4773,2855.595769
360.0,3843,2859.001853
55.0,1477,2860.299802
360.0,2710,2862.738353
745.0,4431,2867.151539
335.0,3485,2870.26929
525.0,3971,2873.733121
420.0,3053,2876.441487
745.0,3479,2879.978011
450.0,4009,2883.447632
445.0,3653,2886.651184
570.0,4683,2891.256761
545.0,4222,2894.920612
530.0,4309,2898.653231
875.0,3133,2901.659705
535.0,4299,2905.644699
495.0,4613,2909.636283
800.0,3893,2913.158409
300.0,2553,2915.827533
600.0,4451,2919.744391
750.0,3551,2932.950539
875.0,6887,2939.566812
725.0,4050,2943.118755
600.0,3915,2946.472354
470.0,4265,2950.538803
545.0,3763,2954.032218
480.0,3985,2957.432448
1090.0,6373,2963.482568
1115.0,6303,2968.968611
555.0,3799,2972.290675
470.0,4269,2976.542845
845.0,6471,2982.122119
575.0,4331,2986.037953
565.0,2113,2988.229477
390.0,2641,2990.523085
320.0,2241,2992.474448
325.0,2796,2994.875917
475.0,3967,2998.490202
385.0,2540,3001.047602
520.0,3647,3004.197587
720.0,3233,3007.021825
335.0,2865,3009.522201
600.0,4793,3014.285329
600.0,3999,3017.700986
370.0,3377,3020.649107
645.0,5331,3037.458016
400.0,3189,3040.323947
780.0,4290,3043.954976
570.0,4109,3048.021431
605.0,3649,3051.164675
520.0,3403,3054.054371
315.0,2589,3056.29331
395.0,3687,3060.024985
540.0,4645,3064.036505
540.0,3515,3067.065737
470.0,4821,3071.638911
230.0,1633,3073.300669
460.0,3709,3076.558135
530.0,3955,3079.961911
280.0,3317,3083.031561
480.0,3821,3086.743339
805.0,3929,3090.122702
205.0,2111,3091.967928
545.0,4721,3096.604322
520.0,4017,3100.137948
800.0,4653,3104.127464
600.0,4925,3108.883906
300.0,2199,3110.800892
1210.0,7615,3117.393342
200.0,2599,3119.940551
555.0,4087,3123.828833
365.0,2811,3137.24282
625.0,4147,3140.843195
525.0,4523,3145.234169
420.0,2578,3147.503703
465.0,3807,3150.856471
575.0,4207,3154.497785
275.0,2945,3157.642329
415.0,3665,3160.818259
600.0,4007,3164.202124
600.0,4011,3167.785091
575.0,4037,3171.641577
615.0,3477,3174.608845
460.0,4711,3178.686568
575.0,4148,3182.837155
545.0,3475,3185.792907
755.0,4249,3189.506435
525.0,3779,3193.204668
745.0,4040,3196.83573
610.0,4173,3200.42758
145.0,1307,3201.651923
140.0,1711,3203.153764
610.0,3525,3206.751919
485.0,3617,3209.867157
755.0,3265,3212.702588
605.0,4075,3216.318945
380.0,3281,3219.639158
440.0,3302,3222.526459
525.0,5509,3227.240885
785.0,3503,3239.695467
645.0,3813,3243.563431
725.0,3585,3246.67174
520.0,3744,3249.907138
515.0,4161,3253.901148
325.0,3101,3256.797411
575.0,4239,3260.44383
515.0,3859,3263.755954
550.0,4354,3268.04866
245.0,2191,3269.937296
495.0,3409,3272.893947
690.0,3951,3276.239577
405.0,2337,3278.87024
485.0,3393,3281.845104
330.0,3343,3284.741362
310.0,2775,3287.171546
710.0,4925,3292.038711
745.0,3482,3295.045718
550.0,4363,3298.79969
575.0,4209,3303.05763
600.0,3433,3306.068379
945.0,4255,3309.744617
600.0,4673,3314.008126
515.0,3153,3317.104163
745.0,3249,3319.924431
695.0,5007,3324.265192
480.0,3121,3327.471246
200.0,1845,3336.608541
1000.0,4193,3340.811578
675.0,3649,3343.986441
550.0,3116,3346.706881
570.0,4022,3350.339718
685.0,3889,3354.129109
545.0,3840,3357.459808
305.0,2351,3359.512341
600.0,3663,3363.11152
640.0,3121,3366.075686
945.0,4145,3369.719746
570.0,3903,3373.013436
800.0,4167,3377.175592
635.0,4383,3381.068963
495.0,4209,3384.903446
700.0,3683,3388.68369
545.0,3789,3392.03243
190.0,2135,3394.009813
635.0,4051,3397.629586
850.0,4029,3401.699179
520.0,4187,3405.317314
975.0,7057,3412.245598
580.0,4257,3416.170866
500.0,3369,3419.185177
360.0,3063,3422.113941
670.0,4241,3426.548155
600.0,4207,3430.210038
515.0,4025,3444.638269
450.0,3601,3448.070386
745.0,3389,3451.443025
665.0,3521,3454.587681
190.0,2045,3456.417825
665.0,3697,3459.833507
405.0,3253,3463.215873
600.0,4025,3466.75503
775.0,4472,3470.668153
800.0,3947,3474.655326
570.0,5057,3479.107754
570.0,5095,3483.579846
455.0,3925,3487.630224
540.0,4453,3491.609879
400.0,3387,3494.646201
745.0,3390,3498.091355
285.0,3105,3500.950032
520.0,3911,3504.462795
515.0,3423,3507.538047
575.0,3849,3511.58544
545.0,4347,3515.490038
715.0,3638,3518.733526
340.0,3134,3521.849413
400.0,3084,3524.91905
315.0,2253,3526.982472
925.0,4409,3530.830353
1125.0,4889,3544.692702
605.0,3959,3548.803418
485.0,3351,3551.83566
370.0,3165,3554.61947
575.0,3775,3558.082085
600.0,3469,3561.534789
600.0,4097,3565.105234
495.0,3809,3568.388707
600.0,4075,3572.609485
600.0,3917,3576.146328
175.0,2647,3578.570809
475.0,3397,3581.791367
430.0,3446,3585.574066
470.0,4261,3589.525156
310.0,2805,3592.107673
350.0,3180,3595.449086
530.0,2993,3598.432184
395.0,3237,3601.383621
375.0,4677,3605.611074
450.0,3685,3609.472435
570.0,3699,3612.744839
755.0,3491,3615.838662
335.0,2241,3617.832304
475.0,4243,3622.11169
560.0,4042,3625.699018
805.0,4153,3629.434051
520.0,2849,3632.470921
745.0,3715,3636.037783
520.0,4301,3639.913069
520.0,4451,3652.704388
380.0,3031,3655.561892
605.0,3557,3659.102712
725.0,3382,3662.102346
435.0,3668,3665.306987
360.0,3525,3668.833428
570.0,4265,3672.684981
600.0,3887,3676.050349
550.0,3562,3679.199636
450.0,3825,3683.082767
650.0,3573,3686.162602
770.0,4440,3690.029711
770.0,3985,3694.0941
605.0,4015,3697.679254
1135.0,6217,3703.20789
230.0,2169,3705.685583
600.0,4193,3709.380421
420.0,3238,3712.18512
800.0,4837,3716.615452
575.0,3306,3719.857874
600.0,4479,3723.787479
470.0,4337,3727.589664
570.0,3450,3731.187052
745.0,3804,3734.475536
775.0,4134,3738.040562
570.0,4262,3751.107605
580.0,3169,3754.510562
440.0,3799,3757.872412
1000.0,4373,3761.705039
600.0,3831,3765.263859
550.0,4144,3769.107919
800.0,3861,3772.46389
570.0,4090,3775.942963
465.0,3541,3779.569144
460.0,4027,3783.053915
545.0,4361,3786.789023
600.0,5021,3791.669415
600.0,3929,3795.059374
600.0,4337,3798.734347
520.0,3702,3802.292254
800.0,3927,3805.824065
550.0,3365,3808.710134
875.0,6108,3814.428882
500.0,3585,3817.692344
315.0,3161,3820.481728
480.0,3723,3823.68502
570.0,3746,3827.457409
600.0,4847,3831.611538
525.0,3687,3834.757327
515.0,3243,3837.724813
520.0,4532,3842.055303
